date,dataset_name,region_id,region_name,ntl_sum,light_density,density_3m_smooth,mom_pct,yoy_pct,mom_3m_avg,vol_12m,trend_score,trend_label,months_seen,rankable
2026-01-01,cities,2622000,Detroit,474558.2709608078,1291.7028566110412,721.1183388571784,0.6982766959166763,0.6062301271754275,0.2633604725383755,0.216562620948269,8.104837557844085,Very strong,49,True
2026-01-01,cities,1825000,Fort Wayne,166019.74215650558,571.9347798003621,340.48686200033256,0.5849878088446605,0.5159488616351264,0.23259770179531336,0.19847734899743225,6.85827211920941,Very strong,49,True
2026-01-01,cities,3673000,Syracuse,38265.65172958374,575.7675564693546,477.82209840120225,0.33379467730296714,0.3759766454865321,0.34794520765130876,0.25841395048485005,5.329524481793483,Very strong,49,True
2026-01-01,cities,3901000,Akron,90173.6433031559,558.8975735616282,394.4195606666524,0.45229668677925866,0.18642097918004547,0.2936669799758801,0.21132429952711182,4.678842793557113,Very strong,49,True
2026-01-01,cities,2634000,Grand Rapids,56726.69989061356,480.0386660813534,297.22087488552916,0.499825223881263,0.183148909820378,0.18735169849437952,0.16425134772101352,4.388552261424746,Very strong,49,True
2026-01-01,cities,3977000,Toledo,121349.04105091096,561.6210033563844,340.18327508348904,0.506619481177211,0.17036406502054802,0.17951860835718336,0.1707724225360401,4.317497979235827,Very strong,49,True
2026-01-01,cities,2758000,St. Paul,71145.62358903885,489.6941814294448,377.1768137587096,0.3105461720053802,0.3025469031209506,0.20760246178438688,0.16841450935413138,4.113010516974717,Very strong,49,True
2026-01-01,cities,3916000,Cleveland,163917.8298792839,812.2911111680667,651.676246036532,0.2896247174610074,0.2674389488141911,0.214768013219625,0.14194846682030002,3.8476232463295625,Very strong,49,True
2026-01-01,cities,2567000,Springfield,32856.27698349953,383.3208475538665,299.3738575077748,0.2785854788294121,0.24524381116690136,0.19636174743723067,0.13633055125834764,3.5776543585100935,Very strong,49,True
2026-01-01,cities,2743000,Minneapolis,94851.80799007416,636.806859891998,479.9061162792023,0.30674167662170515,0.16319781660709237,0.19418207457141015,0.160663491898426,3.277556184374639,Very strong,49,True
2026-01-01,cities,3457000,Paterson,19138.680435180664,849.5315133282525,662.8619929192237,0.22993969100941802,0.21197784653687554,0.11541894996432385,0.09014128298963603,2.7354222791853795,Very strong,49,True
2026-01-01,cities,3611000,Buffalo,46364.06597137451,426.9056377099719,543.1794864020517,0.07683710593354008,0.2903570330917985,0.18854795448710304,0.16587727444248768,2.6967427465508975,Very strong,49,True
2026-01-01,cities,4659020,Sioux Falls,74280.0845580101,340.61938843893427,337.98793732225545,0.13763553296062764,0.2506752866861203,0.15832452326554455,0.10524380987200248,2.660273371399453,Very strong,49,True
2026-01-01,cities,2582000,Worcester,29861.582675218586,299.85643036870505,219.75481937908785,0.28736732509992696,-9.596767882006366e-05,0.12861714004252892,0.11859835579283358,1.9707739713656276,Very strong,49,True
2026-01-01,cities,5548000,Madison,52307.3704701066,192.132422234006,155.91161209827894,0.1831705210820848,0.10040141692271276,0.09582067595716337,0.07940662428371148,1.787493880122809,Very strong,49,True
2026-01-01,cities,3663000,Rochester,37767.32408952713,396.2866972442523,411.28520963542707,0.16335428810001165,-0.03276623379101568,0.25069831713366336,0.22218945620314226,1.735282074122272,Very strong,49,True
2026-01-01,cities,3918000,Columbus,183520.1331783533,311.0880939800015,294.4760166183446,0.10029274588005829,0.1791402495881695,0.08395895648509784,0.06304548128410183,1.7059558128705574,Very strong,49,True
2026-01-01,cities,1921000,Des Moines,55713.05247229338,237.13286512023333,245.45602078146587,0.07102115000081131,0.18621602715250363,0.09132423929436222,0.08945257617157706,1.6232156599788825,Very strong,49,True
2026-01-01,cities,1765000,Rockford,40572.42295527458,236.080589881606,200.46090765121167,0.14973390232571424,0.11766079109715721,0.07710531547843695,0.07040575767486094,1.6074864969011153,Very strong,49,True
2026-01-01,cities,4459000,Providence,30233.314679145813,567.3745837452249,407.6246059887314,0.20511772545472673,0.06706771329706171,0.06792702631977174,0.08161297792428805,1.5878711183040473,Very strong,49,True
2026-01-01,cities,3128000,Lincoln,51791.75670647621,195.18004352180984,245.90722533454175,-0.001135167048279585,0.23573898195750762,0.10549885906795592,0.08772897727197297,1.5717570779855212,Very strong,49,True
2026-01-01,cities,1703012,Aurora,27763.89863705635,232.4477009955991,262.8823042157427,0.05724630610005399,0.1508397874985867,0.13175359741079304,0.12171369565381768,1.5600544142510235,Very strong,49,True
2026-01-01,cities,3137000,Omaha,141460.23068499565,371.8419462620288,398.12626152386093,0.05184420048419132,0.19102639775093472,0.08876149295753556,0.06463484267892139,1.5332440532737701,Very strong,49,True
2026-01-01,cities,5553000,Milwaukee,162827.68131923676,652.0729734493483,520.4200393945413,0.2139925076954488,-0.0010777070270958302,0.11451670469722852,0.08995966607656238,1.5010747174748844,Very strong,49,True
2026-01-01,cities,2507000,Boston,85345.1849218607,636.4693241179368,484.27288209799485,0.20896692591003996,0.027185506742536097,0.07558331803553957,0.08922717519521135,1.4324207837999268,Very strong,49,True
2026-01-01,cities,3451000,Newark,59838.70708084106,932.9830953354272,857.5359923735383,0.13471699348978522,0.061177791361129864,0.1138568204719943,0.09105687428739838,1.406030121667263,Very strong,49,True
2026-01-01,cities,3254600,Paradise,158829.26098632812,1446.241354833562,2048.416440417414,-0.06285180480431779,0.21798158865315517,0.12587806234840637,0.19541031867219127,1.245925002606025,Strong,49,True
2026-01-01,cities,4260000,Philadelphia,242568.2456188202,656.4506675279441,488.4972740453891,0.20873799163230994,-0.016302358274135686,0.07812343272113982,0.07514656202309035,1.2102708685949704,Strong,49,True
2026-01-01,cities,2052575,Olathe,41313.57325953245,244.68753857371544,210.03990819275123,0.13281011895568182,0.052410652239692025,0.08055756632260085,0.07975638558950476,1.1832685122614053,Strong,49,True
2026-01-01,cities,3710740,Cary,28248.309975385662,175.13145914760796,156.53855144640815,0.12070036142422697,0.06344653471147958,0.07965496009758939,0.06080979675692072,1.1729616200190587,Strong,49,True
2026-01-01,cities,1751622,Naperville,23206.33897447586,223.94084650031488,264.2380262819652,0.04432153876421582,0.048718698972567864,0.13693915522438313,0.1083505175648936,0.9679369193549314,Strong,49,True
2026-01-01,cities,1304000,Atlanta,139504.17509317398,394.85444395829535,382.7235076454628,0.07590773645579715,0.08187955776451772,0.0659408930373342,0.04486721143649406,0.963067057258463,Strong,49,True
2026-01-01,cities,2270000,Shreveport,47053.39676430821,146.67571214250856,145.63317222540925,0.03310927151146798,0.15592398767030632,0.03103064250593014,0.029992454995896128,0.957232456558234,Strong,49,True
2026-01-01,cities,3684000,Yonkers,15546.868386507034,296.55096445577783,262.3515060401682,0.15539443465146813,-0.04372558006276326,0.1017857950759324,0.0808177499963226,0.8938458378017348,Strong,49,True
2026-01-01,cities,5305210,Bellevue,18752.99332022667,193.01226540879517,168.9790111229826,0.10010625730782256,0.083802483497645,0.022038474455962482,0.03858739664666264,0.8853482422889685,Strong,49,True
2026-01-01,cities,908000,Bridgeport,13955.684441566467,314.21712477437563,251.91060042418917,0.17990654334726658,-0.057667625249696944,0.08386862877302659,0.08099071594921516,0.8617094586117877,Strong,49,True
2026-01-01,cities,3719000,Durham,50519.176605939865,162.71830478759037,147.8662443554393,0.08992054847019139,0.055890440261381846,0.053698349215405894,0.057315711260003156,0.8379952739482591,Strong,49,True
2026-01-01,cities,1714000,Chicago,470771.016040802,784.8397837217597,728.9714616516047,0.08454029952524025,0.02503045720478883,0.07962005400672532,0.07652745805082191,0.7721324016573485,Strong,49,True
2026-01-01,cities,1369000,Savannah,39939.25412127376,134.93644257798474,130.5089917700884,0.04951765640347831,0.09772640244878632,0.03431787017678883,0.037504540757915074,0.7492224766083436,Strong,49,True
2026-01-01,cities,2053775,Overland Park,45859.83503234386,233.79654034941967,212.95851644098286,0.12185570453149921,-0.036270412375435705,0.08915745712697415,0.082994055874347,0.6908794397792112,Strong,49,True
2026-01-01,cities,4876000,Waco,37676.72392363846,140.61111123802507,125.25214076617804,0.07223183291282335,0.07389356398082834,0.021320178858118672,0.02328385898579684,0.6787469802913553,Strong,49,True
2026-01-01,cities,4845744,McKinney,50263.68561756611,280.1792621755402,263.2956263453385,0.05834657730053143,0.07210346977663516,0.034496735035977485,0.026962884126587205,0.6599644726846688,Strong,49,True
2026-01-01,cities,4847892,Mesquite,35007.39738595486,274.3144861526669,251.2123611342597,0.07162850427604288,0.0554565552372618,0.036628178286745396,0.028428001082066737,0.6525440429254212,Strong,49,True
2026-01-01,cities,3755000,Raleigh,79607.0503077507,201.88684021963672,189.33166476870258,0.07197950817075623,0.02986509617169705,0.05392746202359185,0.047390774107410986,0.602942327110668,Strong,49,True
2026-01-01,cities,3712000,Charlotte,168794.27420043945,207.80919449597965,213.25887629656404,0.042608426517796734,0.06239115734610113,0.043012321279933464,0.034012929582740596,0.5655232949522692,Strong,49,True
2026-01-01,cities,4075000,Tulsa,121172.02499818802,231.8232517135132,212.30985673837458,0.07729835684476036,0.03150040834729088,0.03761945866331806,0.0306433166548423,0.5592937104373656,Strong,49,True
2026-01-01,cities,2836000,Jackson,41565.23504495621,140.9831203669958,139.62500212638483,0.03346541199646454,0.06989565083404563,0.035682834940819294,0.030834096235634722,0.520268975015107,Strong,49,True
2026-01-01,cities,4819972,Denton,42772.25892543793,167.8548221559892,162.1204455063797,0.027781981924145317,0.08049689848840026,0.02875366965573674,0.028884975123682446,0.5122282820107236,Strong,49,True
2026-01-01,cities,4055000,Oklahoma City,235741.38519650695,146.61823601443183,134.50581626579012,0.06423032077891919,0.0403774165750921,0.031522932419660386,0.029146345576676218,0.5064391820596215,Strong,49,True
2026-01-01,cities,827425,Fort Collins,18489.402200460438,121.96882932229958,120.30855634707733,0.07602890941093898,-0.04768379629824417,0.11033456906636294,0.07193382857429018,0.4884849565095629,Stable,49,True
2026-01-01,cities,613392,Chula Vista,19897.5934946537,147.52304395056427,145.07303452939425,0.01645916921072723,0.10027193141653629,0.013733266493954085,0.028096783362825662,0.48294468319108674,Stable,49,True
2026-01-01,cities,1255775,Pembroke Pines,20933.903052687645,232.5632203873485,229.5414530121719,0.04630528105689644,0.055311181115223214,0.02006980770763112,0.01809725395384271,0.4333935316884682,Stable,49,True
2026-01-01,cities,4827684,Frisco,64705.76443195343,361.222923313471,345.07089006405175,0.040433922618790544,0.05118487525012914,0.030594730976113333,0.023877424534217703,0.43196493821269055,Stable,49,True
2026-01-01,cities,4845384,McAllen,33303.52323049307,204.99439180228,206.7192328160955,0.011771102456061696,0.08959062194834283,0.019050223473019087,0.017419142985638746,0.4268010944502967,Stable,49,True
2026-01-01,cities,1245000,Miami,76634.09888315201,626.4960515842904,561.9135928662488,0.06685056507116523,0.01596460742948956,0.037463464564052966,0.031946828053503025,0.4189333589921864,Stable,49,True
2026-01-01,cities,4819000,Dallas,331641.1395395994,333.71944631395604,317.19634114998274,0.04831792617054256,0.042161761806326165,0.027142528641733846,0.021284540373994604,0.408733422513593,Stable,49,True
2026-01-01,cities,4827000,Fort Worth,236074.03178179264,253.1056105251969,245.03525832272751,0.033742720984612,0.05918238555737313,0.023756956976092283,0.020179545286617622,0.4049790903638847,Stable,49,True
2026-01-01,cities,2250115,Metairie,25149.09823989868,416.7727788081554,413.1223605852703,0.022780759734542796,0.07346216151403914,0.014106861582612014,0.024261151855443103,0.3748041096567531,Stable,49,True
2026-01-01,cities,2205000,Baton Rouge,58729.17141580582,254.3306660068413,257.2486861801868,0.015332590770691622,0.07618658541299428,0.017347338793268403,0.024480234343740716,0.3655010454858096,Stable,49,True
2026-01-01,cities,4856000,Pasadena,32994.23014783859,285.1711476468097,283.59425824325245,0.011338817627498466,0.07696605452858223,0.013592004852460586,0.009799701430592302,0.3295646161201393,Stable,49,True
2026-01-01,cities,5156000,Newport News,34459.52326005697,189.603862722953,179.78359418872947,0.06044261908193976,0.00048225254665458045,0.041193923613735396,0.04027575046708948,0.31988139623517636,Stable,49,True
2026-01-01,cities,1836003,Indianapolis city (balance),220249.530472517,231.14586470490863,210.23987602904444,0.09337779638618167,-0.049205616355432344,0.05270302716285267,0.07074300283831099,0.2872451622768179,Stable,49,True
2026-01-01,cities,3915000,Cincinnati,50534.29732179642,245.23278296101535,304.5840636767743,0.0063915594208561015,0.015006470137124268,0.07659424485630635,0.11347196122399722,0.28323438165232034,Stable,49,True
2026-01-01,cities,151000,Montgomery,52731.62213885784,125.45278293538593,121.17103548448033,0.02921572550474371,0.0398482136272786,0.024606687592577958,0.03260436630073733,0.2810403364710167,Stable,49,True
2026-01-01,cities,622020,Elk Grove,14087.220161676409,127.06101822172351,124.72961945941267,0.0246462565260067,0.047527504154399616,0.019669167183853975,0.02173699191032753,0.27318998739505373,Stable,49,True
2026-01-01,cities,3775000,Winston-Salem,43053.6806050539,123.19741313397138,120.22158983975079,0.05288259722999501,-0.0026993299543525856,0.04243362271272009,0.03618186327917395,0.2683207821564032,Stable,49,True
2026-01-01,cities,3502000,Albuquerque,83191.11573135853,169.95813230388592,167.63805552927946,0.04189242718717725,0.021307971162668735,0.02376250887060505,0.02283420477275093,0.24541644096684162,Stable,49,True
2026-01-01,cities,1225175,Gainesville,19719.49938416481,116.82804050113346,111.54989568234969,0.012735421417661456,0.05304430137358041,0.020737419589419912,0.02551977339776135,0.24410489949111608,Stable,49,True
2026-01-01,cities,3722920,Fayetteville,46368.13377356529,119.31765748630434,116.65485558314623,0.020044744639849867,0.04420107946178318,0.021600041484517548,0.03047995862900525,0.24018674816349506,Stable,49,True
2026-01-01,cities,4752006,Nashville-Davidson metropolitan government (balance),192790.5527011752,149.75004352163836,130.7446214084421,0.08165456949180716,-0.02668117497993728,0.030845672029353274,0.03573444523794922,0.23660822316176652,Stable,49,True
2026-01-01,cities,4835000,Houston,630828.357722044,362.6080244474317,356.2494145381743,0.015026863141587112,0.0559574476521191,0.01251128374706585,0.010664572094557359,0.23119760225657876,Stable,49,True
2026-01-01,cities,3728000,Greensboro,60145.09200161696,166.44839268143943,160.80693472282994,0.05151715248775186,-0.003221918473358703,0.03594269802534006,0.02942355216513474,0.22592835591157676,Stable,49,True
2026-01-01,cities,648354,Modesto,16919.63687032461,144.74836096314507,142.10849121348417,0.02433857740706543,0.038842624723549254,0.019524604391172765,0.01927909595761925,0.22417849404644413,Stable,49,True
2026-01-01,cities,2938000,Kansas City,200912.3641192913,243.43653711102053,226.67853699063093,0.07777118564720131,-0.042889102352058464,0.050056770635226434,0.05329287536356641,0.22413687936905807,Stable,49,True
2026-01-01,cities,4804000,Arlington,79345.32750892639,308.0054742662221,299.7224194001387,0.02551835740009082,0.04399091361002348,0.01214217641364603,0.014262949710958142,0.2214909501311659,Stable,49,True
2026-01-01,cities,4845000,Lubbock,80019.09786814451,213.80884154790795,203.9019424568404,0.04176214717629819,0.013709065057535533,0.026267129164779565,0.0201482223738772,0.2163515144278511,Stable,49,True
2026-01-01,cities,4839148,Killeen,18702.289030075077,130.5874155853268,130.5978726077692,0.01770440985454529,0.040822809322705066,0.02213309134154541,0.021165378017200497,0.2121140808776717,Stable,49,True
2026-01-01,cities,669088,Santa Clarita,26900.55360072851,141.0035600611163,142.52531284896932,0.006131922949996972,0.058764575520317296,0.01502936235005453,0.022129475601206445,0.21097366337201287,Stable,49,True
2026-01-01,cities,541000,Little Rock,58567.74254655838,182.1065444662077,164.34651451867788,0.0866149263606463,-0.047343221369554996,0.040515300383559015,0.041829348761989286,0.200348638389738,Stable,49,True
2026-01-01,cities,4817000,Corpus Christi,63984.8659337163,132.31295744688308,133.19529060856863,0.012293962561707984,0.046678553000368384,0.018827901706671344,0.019452311638184706,0.19806025240716635,Stable,49,True
2026-01-01,cities,644000,Los Angeles,353485.8338891268,287.2679284472474,294.1527360338564,0.0002122826097999952,0.057065179847566094,0.01917231961740965,0.021011023861137165,0.19061286992692106,Stable,49,True
2026-01-01,cities,2148006,Louisville/Jefferson County metro government (balance),67424.74961417913,94.78318868657873,114.56553520227378,-0.008391936879848594,0.09046979052011664,-0.008391936879848594,0.04475937052832577,0.1868167872298497,Stable,49,True
2026-01-01,cities,3223770,Enterprise,60431.43956804276,353.49863287543457,350.2533622126753,0.01429828755733111,0.04558509164555788,0.015139440501794868,0.021458677086456338,0.18463668430402252,Stable,49,True
2026-01-01,cities,4830464,Grand Prairie,51220.92224884033,243.3278528210465,238.03463231297928,0.02315710890038513,0.04089321729139531,0.009888146750480047,0.014256721442939943,0.18096636304436242,Stable,49,True
2026-01-01,cities,3231900,Henderson,79362.87173777819,252.1410593723509,252.15232039883708,0.0064854726420629115,0.0595690712429674,0.007675094003896001,0.014412435023580583,0.1806581222686344,Stable,49,True
2026-01-01,cities,4805000,Austin,157128.88939654827,182.15423535819167,177.1198127341862,0.0315942153660993,0.02341422765804285,0.018678131917406998,0.028627758990662184,0.1761172463676306,Stable,49,True
2026-01-01,cities,680000,Torrance,14724.415023803713,276.8727124357332,286.7704261165091,0.000458733132121402,0.056786648775882624,0.013843607898606636,0.017126011877066114,0.16396860928172216,Stable,49,True
2026-01-01,cities,4865000,San Antonio,278988.45816504955,213.43545572013164,213.89270913467882,0.013436471580270793,0.04061924836686673,0.017060469463517615,0.01099147595852176,0.16288068623709398,Stable,49,True
2026-01-01,cities,4829000,Garland,43860.35633945465,297.1344620265654,294.88012339004587,0.017504709404771706,0.0388586995753142,0.014295034904929874,0.019209298995636084,0.16155347755274635,Stable,49,True
2026-01-01,cities,1253000,Orlando,79752.54850327969,257.7519952267044,254.9377584746293,0.017433498208817563,0.03263857731889828,0.020529257586509836,0.017965058650150332,0.15873910597532218,Stable,49,True
2026-01-01,cities,677000,Sunnyvale,14025.329396009443,245.2262336676472,243.7574151598868,0.012139586504913246,0.043744847683701474,0.013041277933514945,0.02655269996144844,0.152727879220797,Stable,49,True
2026-01-01,cities,1224000,Fort Lauderdale,36958.8701133728,393.75793210534846,379.680093975269,0.03208985762396205,0.021017683247434815,0.014919252710934085,0.019630213304492935,0.1472371290418506,Stable,49,True
2026-01-01,cities,666000,San Diego,133822.0712582469,151.74235244628196,146.8688129650507,0.014025682800668174,0.045136843380435276,0.0075129109973377005,0.027812835041099358,0.14287559016277154,Stable,49,True
2026-01-01,cities,4714000,Chattanooga,59646.212351202965,153.344946763661,155.53349485758687,0.041304327166274434,-0.007979035898796245,0.03334332997530568,0.03575517699284543,0.1325759311557941,Stable,49,True
2026-01-01,cities,2404000,Baltimore,125981.41834640504,562.9083751172493,499.6504169131875,0.08749922654507974,-0.07318541239337957,0.05192037036581328,0.05465691461002985,0.12298426900093512,Stable,49,True
2026-01-01,cities,4841464,Laredo,65663.95368731022,229.47941366822243,231.8525080104554,0.006964031544211817,0.04460022654857957,0.00877020168734525,0.01837264545363076,0.10828502890163635,Stable,49,True
2026-01-01,cities,4858016,Plano,75613.37280082703,405.2600065007588,383.7030782279209,0.038659253417326865,0.0005296995436116322,0.021268406615372822,0.020079085431352225,0.10406441518366931,Stable,49,True
2026-01-01,cities,137000,Huntsville,68616.53682214022,116.74080227033336,113.34395091968345,0.0416320969264593,-0.0030030398598900033,0.021619636734001677,0.038038854999100695,0.10281627450977397,Stable,49,True
2026-01-01,cities,5167000,Richmond,43988.412965774536,271.5814222634485,258.5820004658755,0.07815764634297145,-0.053993872575455445,0.03712145975576908,0.05155670545542929,0.10231632546084182,Stable,49,True
2026-01-01,cities,1232000,Hollywood,22378.49361872673,296.5540796673644,291.8152123327463,0.03422609978716812,0.0005501805781000799,0.02276626904620635,0.016809865587782278,0.08778843173795173,Stable,49,True
2026-01-01,cities,477000,Tucson,71373.5864650011,113.63372386826146,111.70520411945279,0.019811173333290934,0.026185547267910305,0.010466390811038886,0.00802872184623085,0.08687210155086379,Stable,49,True
2026-01-01,cities,3260600,Reno,48032.72830033302,165.75288825371973,163.78579762704783,0.027396432291405787,0.014724649905543974,0.013803368579240355,0.01958358709986615,0.08267223461965922,Stable,49,True
2026-01-01,cities,1608830,Boise City,36883.29854410887,165.31056957419784,174.78230159176556,0.011961351399291976,0.010351422372924819,0.03460632833109129,0.05349165692535189,0.07957583285385318,Stable,49,True
2026-01-01,cities,4824000,El Paso,126730.7241398692,188.651729624872,184.7326152230637,0.017642353837423446,0.028090691996967395,0.005543975531249072,0.013661413785035388,0.06099148942991778,Stable,49,True
2026-01-01,cities,5157000,Norfolk,44164.44826364517,285.23700375954803,273.13640978026643,0.03906505168422903,-0.01092323231076765,0.023850540917257468,0.03278378981577864,0.05756899054618789,Stable,49,True
2026-01-01,cities,667000,San Francisco,33815.566089749336,276.16091863580624,275.1785606616511,0.010343276552590557,0.024158082658329236,0.016889656096294,0.06777339287979782,0.05700689797786644,Stable,49,True
2026-01-01,cities,4740000,Knoxville,44745.60820734501,165.47481687522222,165.3212792260733,0.037903473142428735,-0.015912756721066523,0.029295864674454903,0.0536622630625128,0.051583399813441067,Stable,49,True
2026-01-01,cities,654652,Oxnard,16051.461386919022,230.04660864358289,224.7081762836733,0.008219022987946814,0.036727956846291855,0.004056328618803962,0.02485471773374768,0.04933607937806872,Stable,49,True
2026-01-01,cities,5367000,Spokane,30396.351476073265,168.8297038437121,165.81746214648993,0.012273479783685346,0.026030911337889172,0.010598305904956792,0.023230347179354398,0.04618333540630861,Stable,49,True
2026-01-01,cities,4967000,Salt Lake City,75283.68597215414,260.96664887051327,244.98960408701103,0.035085973455121836,-0.00370022758857381,0.01737746970449275,0.07573877749848408,0.04281289440033037,Stable,49,True
2026-01-01,cities,1271000,Tampa,87344.12312281132,276.96805335321824,269.52228549185475,0.016808266060414058,0.019938112598329068,0.011564409903512035,0.022623361852692737,0.042637003662796324,Stable,49,True
2026-01-01,cities,630000,Glendale,13425.872978568075,169.64119733453154,168.19251179283637,0.0075425057474572035,0.031867720414760194,0.0074182261523387605,0.020945733165205524,0.03630141385113587,Stable,49,True
2026-01-01,cities,624680,Fontana,33011.92304968834,294.5184000214688,287.55692474976894,0.02062162662568011,0.01974558625610632,0.00485799476589066,0.022172758970886698,0.028781631036690725,Stable,49,True
2026-01-01,cities,3651000,New York,441251.3985852003,501.9601113682237,449.7208311750908,0.11890640918376334,-0.13725736001735545,0.06768651157613155,0.06748367875678671,0.026038918207981265,Stable,49,True
2026-01-01,cities,4837000,Irving,72568.26673603058,412.0912344255604,399.3995850072934,0.02274995252648123,0.01259339346817741,0.006736942225294196,0.015689483608735427,0.011146880091672254,Stable,49,True
2026-01-01,cities,1270600,Tallahassee,28898.38031667471,105.75464031504076,104.4676298476196,0.011511405583013725,0.017490265387826276,0.013369155221347807,0.03065386799540413,0.009987926399752343,Stable,49,True
2026-01-01,cities,1304204,Augusta-Richmond County consolidated government (balance),51938.65727031231,65.42632229214817,66.24504242352002,,,,,0.0,Stable,49,True
2026-01-01,cities,4810768,Brownsville,33707.257489323616,88.40183734672082,87.06692083295023,,,,,0.0,Stable,49,True
2026-01-01,cities,1210275,Cape Coral,23936.055734992027,77.43954707196626,76.69118161479834,,,,,0.0,Stable,49,True
2026-01-01,cities,4513330,Charleston,23307.96064198017,66.5485632826848,63.95576648441372,,,,,0.0,Stable,49,True
2026-01-01,cities,5116000,Chesapeake,44188.995728075504,48.63181655135004,46.77880835981737,,,,,0.0,Stable,49,True
2026-01-01,cities,4715160,Clarksville,25183.26991647482,96.51473024226472,94.45912306061196,,,,,0.0,Stable,49,True
2026-01-01,cities,1319000,Columbus,40031.29536527395,69.92805538935278,70.09755811979689,,,,,0.0,Stable,49,True
2026-01-01,cities,1235000,Jacksonville,193831.7971507311,90.10915324002625,89.8164796748689,,,,,0.0,Stable,49,True
2026-01-01,cities,2146027,Lexington-Fayette,55529.85767996311,75.08350697147725,87.65883943189355,,,,,0.0,Stable,49,True
2026-01-01,cities,1349008,Macon-Bibb County,39768.86709481478,60.23999129390566,58.71065582242113,,,,,0.0,Stable,49,True
2026-01-01,cities,2255000,New Orleans,92453.79769978672,102.55735113028052,92.96365447683654,,,,,0.0,Stable,49,True
2026-01-01,cities,655156,Palmdale,23619.492826282974,85.7353071542804,86.32149960717645,,,,,0.0,Stable,49,True
2026-01-01,cities,454050,Peoria,27775.346034824848,59.60722229419579,59.97888729447615,,,,,0.0,Stable,49,True
2026-01-01,cities,1258715,Port St. Lucie,26034.03399038315,83.17787772216852,83.32713883287397,,,,,0.0,Stable,49,True
2026-01-01,cities,670098,Santa Rosa,10271.71075642109,92.78321665623923,92.82745423995816,,,,,0.0,Stable,49,True
2026-01-01,cities,471510,Surprise,25659.38322466612,89.4414222925427,89.25409182338763,,,,,0.0,Stable,49,True
2026-01-01,cities,5182000,Virginia Beach,63030.7147847116,79.35088923700314,77.53784383151857,,,,,0.0,Stable,49,True
2026-01-01,cities,3251800,North Las Vegas,69149.36877155304,253.32277734184328,261.50393267993456,-0.0070299865328652955,0.03836520665508516,0.006951396337656534,0.021317459064387433,-0.009449393804385513,Stable,49,True
2026-01-01,cities,658072,Pomona,13574.30663728714,227.96798219314343,227.32663097154094,-0.004531650619283936,0.04235444051821459,-0.00432044896567944,0.020863074757631744,-0.03059699096067059,Stable,49,True
2026-01-01,cities,4748000,Memphis,185036.71647018197,239.47223014951308,237.3402992028631,0.02871291665477423,-0.019992273495899333,0.0252054232731789,0.03949527266729211,-0.040043340266083055,Stable,49,True
2026-01-01,cities,4261000,Pittsburgh,53645.84879612923,354.95374176709515,333.82803356245637,0.07923413929227699,-0.0888997932235182,0.044827881435073956,0.1025889603783277,-0.04106407093568987,Stable,49,True
2026-01-01,cities,665000,San Bernardino,36779.13944500685,227.5129399114676,232.43800155786957,-0.005223107126617256,0.04083839624093999,-0.00584081717454319,0.027637962085576902,-0.05000812092097225,Stable,49,True
2026-01-01,cities,668000,San Jose,65283.38747102022,139.4429771817504,137.5516461934434,0.008940268629527957,0.0014939071459692795,0.020286255270628002,0.028057351054309454,-0.05537092893913809,Stable,49,True
2026-01-01,cities,3271400,Sunrise Manor,26358.4692633152,301.9091591443346,312.157409059361,-0.009325460540879649,0.030765977208062786,0.005023733174173495,0.023871198288244504,-0.07217321879707572,Stable,49,True
2026-01-01,cities,1263000,St. Petersburg,34097.28532880545,182.85961644565077,181.14831650529436,0.010498957690642548,-0.006186273999401294,0.017368449934729496,0.01970254059694389,-0.10273311492175922,Stable,49,True
2026-01-01,cities,3436000,Jersey City,28384.88321018219,686.1806562760439,684.2650672935342,0.06430195995021262,-0.10143506850515005,0.06190858042215841,0.061829528082653525,-0.10378158827308448,Stable,49,True
2026-01-01,cities,150000,Mobile,54657.68570446968,130.59125253410684,127.51982533197524,0.017332229971652967,-0.011197552243573465,0.012194395875305936,0.021162841470799793,-0.1186219207736566,Stable,49,True
2026-01-01,cities,3240000,Las Vegas,137494.23139572144,374.0030605579275,380.92585017081166,0.0062917244488316405,-0.006072554153927961,0.016894131385589376,0.022037475455970554,-0.12709193063412266,Stable,49,True
2026-01-01,cities,4751560,Murfreesboro,31487.56349825859,187.9400209793162,175.2997710831097,0.03083843390151076,-0.025310225561518154,0.010614389725781917,0.03169478562833665,-0.12966604264398152,Stable,49,True
2026-01-01,cities,5101000,Alexandria,14585.960754871368,365.54920551340496,338.9241616406453,0.07089534824637236,-0.10576251689329977,0.05401293514261268,0.07679842099570268,-0.13080832372704304,Stable,49,True
2026-01-01,cities,465000,Scottsdale,53476.46046948433,111.93226589796406,109.75433632441542,0.020117039579178625,-0.0091094603273305,0.0040744501665505245,0.020962640115864937,-0.13278061492196194,Stable,49,True
2026-01-01,cities,5370000,Tacoma,31851.44380152225,240.1041489519618,229.79828883030518,0.0413989422094284,-0.01643220469481105,-0.012590674009639322,0.04170401941085818,-0.1405115808977374,Stable,49,True
2026-01-01,cities,2036000,Kansas City,58838.56625682116,177.15645519835823,156.25783412027562,0.08068582742772924,-0.10399858168290857,0.039516094188450174,0.061393793435166516,-0.14073414804682843,Stable,49,True
2026-01-01,cities,659451,Rancho Cucamonga,25978.3651727438,215.65171476277564,210.8390697196255,0.01504917540383441,-0.0067715262408260726,0.004336281043244596,0.017500934740839608,-0.1461634731059096,Stable,49,True
2026-01-01,cities,473000,Tempe,45383.910511016846,435.938628451,432.27794035007906,0.004512410598197279,0.014223121872461778,-0.007481514394880879,0.014461233360784741,-0.14876202560271182,Stable,49,True
2026-01-01,cities,664224,Salinas,9582.88668334484,157.09903881611208,156.98728403443678,-0.011437669509754432,0.01589521880107029,0.005854289851017065,0.044951585975766796,-0.15925875552008179,Stable,49,True
2026-01-01,cities,602000,Anaheim,42393.44781911373,321.65664622416347,321.17722405052626,-0.00033710255826012784,0.002600403698402336,0.006687721670360947,0.013476370218429479,-0.16685066564977064,Stable,49,True
2026-01-01,cities,1230000,Hialeah,29330.532264709476,496.1094809137366,507.74377835372076,-0.0028686580024461354,0.016073836314672622,-0.005226067654550533,0.016270196555779406,-0.16729008266929113,Stable,49,True
2026-01-01,cities,4123850,Eugene,14768.338124155998,128.2818081661033,125.27810222690395,0.022483774365223877,-0.004010556181173606,-0.011169516851967919,0.03214974575269347,-0.1684099446727223,Stable,49,True
2026-01-01,cities,3268585,Spring Valley,52110.82132768631,566.6958252862003,601.4812717826836,-0.011684013473654251,0.015385947391089413,0.004822048165717157,0.02774801743074332,-0.16844589202849491,Stable,49,True
2026-01-01,cities,627000,Fresno,56966.88068205118,187.74431897391335,185.1308978156342,0.006880477244288212,0.0024916490164082453,-0.0015384112298742474,0.012987968790075822,-0.16950910432442146,Stable,49,True
2026-01-01,cities,412000,Chandler,47340.26006126404,277.9137746425455,275.59159283163507,0.009835146196952445,0.0032763256216560657,-0.005796189012883574,0.01659163749455079,-0.17056713769746717,Stable,49,True
2026-01-01,cities,446000,Mesa,85820.46638858318,232.65191225854147,230.4612447484719,0.0007971772464537684,0.00972767654574667,-0.005189417601986109,0.014213031398724346,-0.1814850053894842,Stable,49,True
2026-01-01,cities,662000,Riverside,44733.39607787132,212.04003673844548,217.27150822743224,-0.005321032170575487,0.013550486563011303,-0.005885196033739603,0.026819895873852133,-0.19729660151185302,Stable,49,True
2026-01-01,cities,675000,Stockton,30624.07416832447,177.99988949336517,172.41845824813217,0.01018462677560908,-0.00101705559025877,-0.009340465659608365,0.022921591644281904,-0.20935310115689093,Stable,49,True
2026-01-01,cities,649270,Moreno Valley,21032.331718683243,157.57353254053305,157.10443877925536,-8.568146520330671e-05,0.006151770569086379,-0.006611265497624309,0.026603370290477574,-0.21249731631537302,Stable,49,True
2026-01-01,cities,622804,Escondido,11409.16139948368,117.66068878687352,115.15229909885443,0.015145647297656988,-0.01587685120758529,0.00045548011269678595,0.02763498589661353,-0.21382229435066286,Stable,49,True
2026-01-01,cities,640130,Lancaster,25429.591413795948,103.83517492303832,101.7164051296785,-0.0013951504801885933,0.0040671914106151,-0.0037886128088302617,0.025052011097222295,-0.2167071062990935,Stable,49,True
2026-01-01,cities,1150000,Washington,84698.47937440872,478.7122523091045,439.7029525703488,0.06372724875828886,-0.10839797931271375,0.045178960379497445,0.06169830244351131,-0.22737580926774734,Stable,49,True
2026-01-01,cities,1738570,Joliet,37255.72098690272,214.05125724782712,226.63044586764394,0.019473882321084265,-0.05703812872199755,0.03734398041929826,0.0569108532842468,-0.228340744589902,Stable,49,True
2026-01-01,cities,653000,Oakland,35725.527643442154,237.6045582763507,239.67030705166317,0.006430163489771376,-0.017423541698299436,0.007869969844040965,0.02588029757084643,-0.23213714551768053,Stable,49,True
2026-01-01,cities,662938,Roseville,21149.13130170107,185.18204997033808,181.89770955983667,0.004707069701127109,-0.017791331196572373,0.008151257925420851,0.018104612430854643,-0.24197611477236947,Stable,49,True
2026-01-01,cities,4159000,Portland,62919.90614151955,167.49750222886777,160.01534328422863,0.018588066499844368,-0.023707802116076412,-0.004583340295529971,0.024576309286432424,-0.26240668075568324,Stable,49,True
2026-01-01,cities,455000,Phoenix,245120.3684514761,182.2024020987919,181.7566344452147,0.003432328036600623,-0.010037774884073895,-0.0030865723759054037,0.013039672679137474,-0.26301912812450035,Stable,49,True
2026-01-01,cities,633000,Hayward,13841.782318592072,117.19825781483064,119.40316950020792,-0.008833332368358413,0.00395054759835277,-0.004939360224547527,0.03563634143988038,-0.263029276333693,Stable,49,True
2026-01-01,cities,5374060,Vancouver,22713.81236290932,167.13359280112195,155.85484263568807,0.02207770427650438,-0.017905029903148576,-0.015223190465112639,0.029264703431847897,-0.26534738123296153,Stable,49,True
2026-01-01,cities,653896,Ontario,42671.88098716736,329.44925798569375,330.3649297914664,-0.006162563227186716,0.0027248894660651087,-0.008375984439154506,0.017289262151675845,-0.2723296255896698,Stable,49,True
2026-01-01,cities,636770,Irvine,46327.55062770844,271.46559130056,261.8740332072991,0.0030062622395095164,-0.013564706405500762,-0.0021969603017276047,0.014654059281383771,-0.27982989286153037,Stable,49,True
2026-01-01,cities,427820,Glendale,42386.82806611061,241.93118067811912,240.52150155923536,-0.008318190731417761,0.006187281751668853,-0.014245864545021587,0.01564161194094356,-0.29448361315692834,Stable,49,True
2026-01-01,cities,2079000,Wichita,83689.48878967762,190.5510984196086,186.85361853789027,0.03137825216725931,-0.07451745729940153,0.028506497052936567,0.034688182825170825,-0.3021293076322118,Stable,49,True
2026-01-01,cities,616350,Corona,17998.70745396614,174.2256256730868,173.10225993158429,-0.002500786370399633,-0.0029433995150872356,-0.012325544491917901,0.021837002426423703,-0.3027096057744001,Stable,49,True
2026-01-01,cities,626000,Fremont,19978.77787137032,96.7844263494174,96.03760795593541,-0.0003684356340969049,-0.01816426743539157,-0.0003684356340969049,0.04218137468669616,-0.3135847137770056,Stable,49,True
2026-01-01,cities,2970000,Springfield,51545.25004065037,237.23667806252064,237.74162781330844,0.014577131373945748,-0.055812378597485716,0.022411879429810797,0.06159827270949905,-0.32226023134077025,Stable,49,True
2026-01-01,cities,628000,Fullerton,12199.255875587463,210.07172290380203,205.654031321472,-0.0013898661720227043,-0.013224409100557683,-0.006906869171775138,0.01843926210161321,-0.3250296915593727,Stable,49,True
2026-01-01,cities,427400,Gilbert,39995.545196056366,223.54147926477896,222.8556446561458,0.006731108495493928,-0.02521770962597099,-0.005575243783730995,0.011820744591901227,-0.3391719205818044,Stable,49,True
2026-01-01,cities,629000,Garden Grove,11386.360816955566,245.02878537521684,245.16802377321974,-0.0018539786602756992,-0.02099671039228853,-0.004376486193830986,0.013483654014662927,-0.35669208370007016,Stable,49,True
2026-01-01,cities,2965000,St. Louis,83048.53666090965,484.5521829286896,462.4285958770517,0.04825363079632985,-0.0975699211469591,0.023873486073634684,0.03900153766382397,-0.35824062722283634,Stable,49,True
2026-01-01,cities,682954,Visalia,15753.8051430583,157.8913710880766,160.22056140733886,-0.011581544557982177,-0.011988486248822058,-0.004234312243641957,0.01669551947772484,-0.3598935990721936,Stable,49,True
2026-01-01,cities,653322,Oceanside,11270.193512439728,103.54800058653852,107.20326105959721,-0.009903804691778378,-0.004576963307142502,-0.014330804650467632,0.033598105663095054,-0.36123418161281595,Stable,49,True
2026-01-01,cities,664000,Sacramento,49751.08814120293,190.6761348218349,186.59564503065917,-0.0006645216618223972,-0.0259402079515464,-0.004722473516211156,0.02046647614532309,-0.37856544119280944,Stable,49,True
2026-01-01,cities,5103000,Arlington,20438.77777862549,303.28589580482264,278.4613767848522,0.05928989829429349,-0.1302748980841385,0.04105186815743186,0.06120597858707645,-0.38921273857072575,Stable,49,True
2026-01-01,cities,636000,Huntington Beach,14124.956657886503,201.56859294833745,200.40787732108183,-0.0027231921112655494,-0.024901673611551444,-0.007193530877412868,0.017468658977500297,-0.39632951673415445,Stable,49,True
2026-01-01,cities,107000,Birmingham,60319.5334687829,155.37620879590676,150.59199693547112,0.013196215632271531,-0.046648617525412925,-0.005895535852139929,0.030626319828316453,-0.4211027673917279,Stable,49,True
2026-01-01,cities,820000,Denver,116563.5958339572,290.88313509326326,278.2876436929669,0.049285647926671936,-0.13420535565897918,0.04101561577506097,0.04011744777005959,-0.4642711829501226,Stable,49,True
2026-01-01,cities,643000,Long Beach,45687.23729610443,322.72922938153783,320.74225412719085,-0.00016804700719395816,-0.05160688089245946,0.003995982383009714,0.023631116460017212,-0.47041887001638305,Stable,49,True
2026-01-01,cities,4164900,Salem,17266.283723831177,134.56284495770404,133.7055391666796,-0.015837247667407617,-0.009977724088839216,-0.02473732840004426,0.024242638283077544,-0.47382828499223384,Stable,49,True
2026-01-01,cities,843000,Lakewood,19250.557159781456,166.21447223886307,156.14252036898935,0.07675730621219409,-0.1894290974224631,0.06262082386147054,0.055950444074643946,-0.5058439914702249,Weak,49,True
2026-01-01,cities,5363000,Seattle,66143.90454852581,255.6169134041208,219.51746298139196,0.03314723194576485,-0.07239730739009617,-0.020984279462714073,0.028415929837239985,-0.5271066273270985,Weak,49,True
2026-01-01,cities,669000,Santa Ana,25984.105390548702,365.8990609902276,353.4284990868144,-0.008002149766487334,-0.04571980795416986,-0.01296038043757314,0.017093324896826457,-0.5651503760752382,Weak,49,True
2026-01-01,cities,877290,Thornton,15423.212426185608,154.32480489196175,148.61132143351514,0.0431185751387095,-0.14162663445680004,0.03538553472168777,0.03585582644063656,-0.5652421628579244,Weak,49,True
2026-01-01,cities,603526,Bakersfield,45214.73940002918,115.01524416361254,111.34312943658436,-0.0033751661479590168,-0.05459295783881059,-0.015278313908881834,0.014298855017164616,-0.599447366563371,Weak,49,True
2026-01-01,cities,804000,Aurora,66086.62979185581,154.90026556539573,148.73060742550447,0.04441575842861061,-0.1631750505074206,0.034830240885662264,0.04680578093248097,-0.6767481705906068,Weak,49,True
2026-01-01,cities,4803000,Amarillo,48801.2909668088,179.1474214759372,175.67052242935196,0.022279164379205144,-0.1465641619780613,0.02451169094310089,0.05091754544125046,-0.7577870551397562,Weak,49,True
2026-01-01,cities,816000,Colorado Springs,89999.55283129215,171.55851701196812,160.58067577164368,0.06974158573093052,-0.25856113152234467,0.05655248479725091,0.08367333678547259,-0.9449529911105121,Weak,49,True
